{
        "name": "Australia",
        "num_topics": [100, 500, 1000],
        "language": "en",
        "relevant_topics": {
                "100": [6, 14, 32, 34, 35, 38, 40, 47, 52, 57, 88],
                "500": [12, 21, 24, 42, 65, 71, 83, 86, 103, 110, 129, 162, 163, 192, 207, 213, 216, 235, 260, 271, 279, 299, 329, 332, 366, 367, 372, 384, 385, 391, 408, 442, 448, 452, 462, 464, 472, 488, 492],
                "1000": [24, 32, 49, 59, 123, 152, 162, 175, 233, 264, 275, 280, 324, 337, 381, 390, 395, 420, 448, 457, 466, 472, 487, 492, 507, 508, 531, 535, 536, 537, 554, 561, 583, 591, 681, 703, 726, 728, 735, 741, 749, 753, 768, 818, 831, 852, 861, 863, 897, 909, 925]
        },
        "corpus_path": "/home/topicmodeling/corpus/Australia/",
        "keyword_file_path": "/home/topicmodeling/keywords/keywords_AU.txt",
        "keywords_hierarchy_path": "/home/topicmodeling/keywords/keywords_hierarchy_AU.tsv",
        "results_path": "/home/topicmodeling/results/Australia/"
}
